LATITUDE,LONGITUDE,API,USGSREGION,FORMATION,BASIN,BASINCODE,STATE,STATECODE,COUNTY,COUNTYCODE,FIELD,FIELDCODE,WELLNAME,WELLTYPE,DEPTHUPPER,DEPTHLOWER,DEPTHWELL,ELEVATION,SG,SPGRAV,SPGRAVT,RESIS,RESIST,PH,UNITS,TDSUSGS,TDS,chargebalance,B,Br,HCO3,Ca,Cl,I,K,Li,Mg,Na,SO4,Sr,Count Blank,Count Blank More
30.8499,-100.1732,42413006150000,West Texas and Eastern New Mexico,Canyon,Permian,430,Texas,42,Schleicher,413,Tillery,48-708254,Virgil Powell #1,Conventional Hydrocarbon,3564,3578,3596,2123,1.079,1.079,60,0.075,75,6.51,mg/L,113037,113037,-0.4,4.32,266.51,137.03,8286,69821.01,11.87,220.12,221.2,1363.86,32410.41,34.53,749.91,52,66
31.7034,-102.2182,42329016120000,West Texas and Eastern New Mexico,Fusselman,Permian,430,Texas,42,Midland,329,Sweetie Peck,48-692550,June Sanders #14-t,Conventional Hydrocarbon,6307,6412,13295,2907,1.17,1.17,60,0.049,68,6.83,mg/L,280953,280953,-0.1,76.05,599.04,85.41,23774,173405.7,10.53,2123,65.52,2387.97,80109.49,1806.48,450.45,53,67
32.0682,-102.589,42135026170000,West Texas and Eastern New Mexico,Holt,Permian,430,Texas,42,Ector,135,"Cowden, East",,Emma Cowden #d-23,Conventional Hydrocarbon,5135,6412,5335,3109,1.068,1.068,60,0.086,75,8.06,mg/L,96700,96700,0.7,10.68,484.87,609.83,3332,56234.47,27.77,385.55,57.67,1038.1,32077.68,3051.28,1393,52,66
33.4851,-103.0559,30025070830000,West Texas and Eastern New Mexico,Unknown,Permian,430,New Mexico,30,Lea,25,Sawyer,35-636097,Federal #1,Conventional Hydrocarbon,4950,4978,5032,2752,1.157,1.157,60,0.048,73,6.7,mg/L,262156,262156,-14.9,15.83,234.075,256,9440,159557,8.615,1900,51,3791,58026,1850,285,56,71
33.7715,-104.1671,30005002060000,West Texas and Eastern New Mexico,Montoya Ellenburger,Permian,430,New Mexico,30,Chaves,5,,,"Smith #1, Samedan Republic - Hamon",Conventional Hydrocarbon,6604,6664,6732,2752,1.159,1.159,60.08,0.047,76,6.5,mg/L,264178,264178,0,18.54,122.85,37.09,11126,161090.57,2.32,1323,48.68,1351.39,88589.79,950.38,333.79,53,67
31.6938,-102.1609,42329015960000,West Texas and Eastern New Mexico,Pennsylvanian,Permian,430,Texas,42,Midland,329,Sweetie Peck,48-692550,June Tippett #10,Conventional Hydrocarbon,6307,6412,10850,2892,1.123,1.123,60,0.065,71,6.87,mg/L,192673,192673,0.4,11.23,631.13,232.46,11499,118658.43,8.615,634.5,47.17,2183.11,59295.91,41.55,1543,54,68
33.4708,-101.4912,42107000860000,West Texas and Eastern New Mexico,Wolfcamp,Permian,430,Texas,42,Crosby,107,,,Clackwood #1,Conventional Hydrocarbon,7650,7683,9168,2752,1.134,1.134,60,0.048,75,7.31,mg/L,230710,230710,0.1,14.74,680.4,187.11,8164,140729.4,62.37,282.37,44.23,992.25,80054.26,365.15,944.62,52,66
33.502,-103.1038,30025213480000,West Texas and Eastern New Mexico,San Andres,Permian,430,New Mexico,30,Lea,25,"Sawyer, S. A.",,Federal - Carruth Wn #1,Conventional Hydrocarbon,4975,6412,5040,2752,1.153,1.153,60,0.055,77,6.21,mg/L,245486,245486,0,45,237,384,11690,150100,4,2370,41,4370,74653.7,845,365,53,68
32.477,-104.1706,30015011010000,West Texas and Eastern New Mexico,Strawn,Permian,430,New Mexico,30,Eddy,15,Wildcat,35-768291,Cedar Hills #1,Conventional Hydrocarbon,10432,11651,12812,2752,1.069,1.069,60,0.087,74,7.03,mg/L,98161,98161,0.8,77,39,126,8290,60850,136,99,39,1165,27681.28,192,1450,53,69
31.6908,-100.5186,42451100890000,West Texas and Eastern New Mexico,Pennsylvanian Strawn,Permian,430,Texas,42,Tom Green,451,Wildcat,48-768291,March Ranch #1,Conventional Hydrocarbon,6054,6412,6690,2324,1.054,1.054,60,0.143,70,6.95,mg/L,74184,74184,-0.2,15.83,234.075,561,2780,43800,8.615,400,36,740,24314,1450,103,56,71
31.331,-103.1064,42389001160000,West Texas and Eastern New Mexico,Cherry Canyon,Permian,430,Texas,42,Reeves,389,Wildcat,48-768291,O.j. Green #3,Conventional Hydrocarbon,5907,5927,6400,2534,1.153,1.153,60,0.045,71,6.12,mg/L,250557,250557,0.1,34.59,1519,354.14,27303,156577.4,23.06,801.34,33.44,4931.38,60639.15,77.25,936.24,53,68
32.752,-103.4858,30025203780000,West Texas and Eastern New Mexico,Mid Delaware,Permian,430,New Mexico,30,Lea,25,Vacuum North,35-731829,State Lea 403 #4,Conventional Hydrocarbon,6000,6100,11896,2752,1.027,1.027,60,0.24,77,8.9,mg/L,31625,31625,-0.3,15.83,234.075,24,2210,13900,8.615,99,33,388,8600,6280,49,55,70
31.3442,-100.8127,42235004230000,West Texas and Eastern New Mexico,Bend,Permian,430,Texas,42,Irion,235,,,H.w. Clark #1,Conventional Hydrocarbon,6402,6440,7950,2255,1.13,1.13,60,0.057,70,7.1,mg/L,204584,204584,0.2,11.3,572.91,82.49,12113,126209.7,48.59,223.74,30.51,2087.11,63835.72,1510.6,857.67,53,67
31.424,-103.1779,42475103520000,West Texas and Eastern New Mexico,Delaware,Permian,430,Texas,42,Ward,475,Pitzer,48-558775,Abshier #1,Conventional Hydrocarbon,6281,6412,6785,2598,1.179,1.179,60,0.053,75,6.14,mg/L,272542,272542,0.5,32,1310,49,25450,168400,48,1019,30,4080,72055.82,430,2660,53,68
33.2105,-103.062,30025072370000,West Texas and Eastern New Mexico,Mississippian,Permian,430,New Mexico,30,Lea,25,Denton,35-188580,H. H. Harris #1 A,Conventional Hydrocarbon,11231,11301,11905,2752,1.1,1.1,60.08,0.068,73,6.48,mg/L,150415,150415,-0.1,75.9,269.5,255.2,9152,91656.4,34.1,179.3,29.7,1817.2,46013.48,1263.9,125.4,53,67
33.1532,-103.3281,30025209020000,West Texas and Eastern New Mexico,Lo Abo,Permian,430,New Mexico,30,Lea,25,Wildcat,35-768291,Bentonbouth #1,Conventional Hydrocarbon,9766,6412,14780,2752,1.1,1.1,60,0.07,75,7.75,mg/L,190482,190482,-0.1,36,472,177,6890,115100,30,729,29,2030,63476.54,2030,161,53,68
32.4612,-104.5593,30015103730000,West Texas and Eastern New Mexico,Cisco,Permian,430,New Mexico,30,Eddy,15,Indian Basin,35-345014,Marathon Fed #1,Conventional Hydrocarbon,7905,8005,9650,2752,1.109,1.109,60,0.05,74,5.25,mg/L,179962,179962,0.1,16.64,238.44,79.85,12243,110123.7,23.29,936,28.83,1939.64,53466.01,831.75,631.02,53,68
31.718,-102.9948,42495044540000,West Texas and Eastern New Mexico,Ellenburger,Permian,430,Texas,42,Winkler,495,Halley,48-300375,Sealy Smith Fdn. #1,Conventional Hydrocarbon,6307,6412,12124,2752,1.123,1.123,60,0.057,74,6.22,mg/L,180632,180632,0.1,38.18,468.29,95.46,15093,111491.44,11.23,1537,28.08,2292.04,50027.66,619.9,561.5,53,67
31.7025,-102.2223,42329015850000,West Texas and Eastern New Mexico,Devonian,Permian,430,Texas,42,Midland,329,War San,48-748690,June Sanders A #21,Conventional Hydrocarbon,11575,12387,13330,2908,1.112,1.112,60,0.074,74,6.1,mg/L,163724,163724,0.2,305,358,131,9920,101000,16,1171,28,2139,49630.41,545,726,53,68
31.8676,-102.6589,42135014950000,West Texas and Eastern New Mexico,Seven Rivers,Permian,430,Texas,42,Ector,135,Metz Glorieta,48-470210,We Connell #9-d,Conventional Hydrocarbon,2330,2375,9610,2855,1.201,1.201,60,0.045,76,7.7,mg/L,351055,351055,0,9.61,234.075,80.47,1729,207809.03,8.615,1556,27.62,700.18,133343.14,6245.2,596.9,55,69
31.8028,-103.0326,42495055080000,West Texas and Eastern New Mexico,Devonian,Permian,430,Texas,42,Winkler,495,,,J.a. Thomas #1,Conventional Hydrocarbon,5020,6412,9700,2856,1.097,1.097,60,0.065,77,4.77,mg/L,147931,147931,0,43.88,402.6,509.01,8424,90239.22,10.97,1590,27.43,2238.98,44381.32,1134.3,342.26,53,67
32.4445,-100.391,42353010620000,West Texas and Eastern New Mexico,Ellenburger,Permian,430,Texas,42,Nolan,353,,,Kate Mcadams #1,Conventional Hydrocarbon,6350,6365,6510,2177,1.093,1.093,60,0.071,73,7.3,mg/L,138850,138850,0.5,12.02,432.83,96.18,10492,85259.47,9.84,723.57,27.33,1062.4,40924.56,232.81,1455,52,66
31.7658,-102.9991,42495103100000,West Texas and Eastern New Mexico,Waddell,Permian,430,Texas,42,Winkler,495,Kermit Se,48-376246,Hogg #1,Conventional Hydrocarbon,12053,12154,12460,2819,1.098,1.098,60,0.098,76,7.72,mg/L,149917,149917,-0.1,7,234.075,122,15040,92200,11,473,27,1750,39133.64,655,170,54,69
31.8213,-103.0212,42495044890000,West Texas and Eastern New Mexico,Ellenburger,Permian,430,Texas,42,Winkler,495,,,Seth Campbell #1,Conventional Hydrocarbon,12250,12305,12305,2869,1.097,1.097,60,1.097,60,7.03,mg/L,152241,152241,0.7,15.83,234.075,100.92,8276,91406.43,8.615,1086,26.33,1584.07,47446.35,1287.88,445.38,56,72
32.4612,-104.5593,30015103730000,West Texas and Eastern New Mexico,Cisco,Permian,430,New Mexico,30,Eddy,15,Indian Basin,35-345014,Marathon Fed #1,Conventional Hydrocarbon,7905,8005,9650,2752,1.109,1.109,60,0.05,74,5.25,mg/L,162225,162225,0.1,15,215,32,11040,99300,21,844,26,1749,48195.91,750,569,53,68
31.1882,-102.8367,42371042270000,West Texas and Eastern New Mexico,Devonian,Permian,430,Texas,42,Pecos,371,"Santa Rosa, South",48-633090,Iowa Trust Tr. #2,Conventional Hydrocarbon,5792,5814,6169,2752,1.129,1.129,60,0.05,74,6.4,mg/L,204694,204694,0.1,29.35,458.37,133.22,8490,125296.42,12.42,1089,25.97,2962.5,65827.83,1130.13,467.41,53,68
31.2719,-102.664,42371042210000,West Texas and Eastern New Mexico,Mckee,Permian,430,Texas,42,Pecos,371,Abell,48-001652,Bessie Heierman #1,Conventional Hydrocarbon,5882,5900,5500,2752,1.119,1.119,60,0.066,62,6.3,mg/L,180494,180494,0.1,10.07,411.79,45.88,15039,111887.69,3.36,346.89,25.74,2610.63,50260.74,293.18,649.02,53,67
31.2803,-102.6622,42371042240000,West Texas and Eastern New Mexico,Limey Shale,Permian,430,Texas,42,Pecos,371,Abell,48-001652,Hiereman #4,Conventional Hydrocarbon,5980,6412,5992,2752,1.019,1.019,60,1.019,60,7.03,mg/L,26354,26354,-0.4,6.11,39.74,1549.9,1708,12913.79,1.02,107,25.48,629.74,5682.43,41.78,50.95,53,69
32.4686,-103.1315,30025067640000,West Texas and Eastern New Mexico,Blinebry Clearfork,Permian,430,New Mexico,30,Lea,25,Blinebry,35-071716,Roy Barton #2,Conventional Hydrocarbon,5733,5901,7350,2752,1.115,1.115,60,0.053,76,7.1,mg/L,177530,177530,0,41,241,507,9690,108300,6,1028,25,3542,52670.55,1569,203,53,68
31.9497,-102.4765,42135089510000,West Texas and Eastern New Mexico,Pennsylvanian,Permian,430,Texas,42,Ector,135,Cowden North,48-166295,N. Cowden Unit #38-66,Conventional Hydrocarbon,4080,6412,4187,2752,1.056,1.056,60,0.102,77,8.52,mg/L,75259,75259,0.7,12.67,567.07,623.04,2365,42778.56,41.18,353.76,24.29,1001.09,24905.71,3276.77,822.62,52,66
31.745,-101.6181,42173007840000,West Texas and Eastern New Mexico,Wolfcamp,Permian,430,Texas,42,Glasscock,173,Driver Sprberry S,48-203075,L.c. Clarke #1,Conventional Hydrocarbon,7190,7293,7394,2713,1.092,1.092,60,0.062,77,7.03,mg/L,144265,144265,0.2,84.08,398.58,300.3,6726,89053.69,84.08,631.18,24.02,1803.98,46478.03,263.17,601.69,53,69
31.1834,-103.2172,42389006600000,West Texas and Eastern New Mexico,Bell Canyon,Permian,430,Texas,42,Reeves,389,Wildcat,48-768291,Txl 3 #1,Conventional Hydrocarbon,5382,5408,8614,2749,1.181,1.181,60,0.039,72,6.8,mg/L,312167,312167,0.1,14.17,234.075,72.04,6424,190111.48,5.91,708.6,23.62,1836.46,112254.76,838.51,774.74,54,69
31.6985,-103.4982,42475050290000,West Texas and Eastern New Mexico,Delaware,Permian,430,Texas,42,Ward,475,"Twofreds, South",,D D Feldman #1,Conventional Hydrocarbon,6307,6412,4768,2705,1.17,1.17,60,0.137,74,5.5,mg/L,299878,299878,0.2,30.42,397.8,50.31,11413,184626,22.23,1053,23.4,5112.9,96505.55,444.6,1357,53,68
31.265,-102.6362,42371042190000,West Texas and Eastern New Mexico,Simpson,Permian,430,Texas,42,Pecos,371,,,E.e. Rove #1,Conventional Hydrocarbon,5442,5475,6338,2752,1.101,1.101,60,1.101,60,7.03,mg/L,156492,156492,0.1,8.81,418.38,147.53,13629,96165.74,8.81,298.37,23.12,2335.22,42607.73,947.96,540.59,52,68
31.6882,-102.2181,42329016130000,West Texas and Eastern New Mexico,Devonian,Permian,430,Texas,42,Midland,329,Sweetie Peck,48-692550,June Sanders Trc #7,Conventional Hydrocarbon,12052,12522,13340,2752,1.116,1.116,60,0.57,76,6.48,mg/L,168326,168326,0.3,253,237,132,11520,103600,4,1974,23,1845,49449.66,363,950,53,68
32.5399,-100.4017,42151013210000,West Texas and Eastern New Mexico,Canyon,Permian,430,Texas,42,Fisher,151,Sw. C.s.,,Sw E Su #5,Conventional Hydrocarbon,5175,5180,5275,2752,1.134,1.134,60,0.076,73,5.11,mg/L,188627,188627,0.1,5,234.075,37,16970,117000,8.615,211,23,2430,51502.7,17,648,54,69
31.4354,-103.0647,42475025800000,West Texas and Eastern New Mexico,Delaware,Permian,430,Texas,42,Ward,475,Wildcat,48-768291,R.h. Dorsey #1,Conventional Hydrocarbon,4820,4850,6510,2560,1.168,1.168,60,0.052,70,7.85,mg/L,301168,301168,-0.1,15.83,234.075,452.02,16060,184193.6,8.615,1033,22.19,3174.62,94662.9,1016.16,484.72,56,71
30.8608,-101.7474,42105103110000,West Texas and Eastern New Mexico,Wolfcamp,Permian,430,Texas,42,Crockett,105,Wildcat,48-768291,Shannon Hospital #1,Conventional Hydrocarbon,5395,5447,6340,2752,1.108,1.108,60,0.061,78,6.81,mg/L,170104,170104,0,19,569,781,5440,102000,40,1025,22,1800,56899.93,1410,311,53,68
31.7658,-102.9991,42495103100000,West Texas and Eastern New Mexico,Ellenburger,Permian,430,Texas,42,Winkler,495,Kermit Se,48-376246,Hogg #1,Conventional Hydrocarbon,12380,12455,12460,2819,1.087,1.087,60,0.08,76,7.75,mg/L,128130,128130,-0.1,15.83,234.075,162,7520,78100,8.615,882,22,1510,38703,710,521,56,71
31.6857,-102.1318,42329016010000,West Texas and Eastern New Mexico,Ellenburger,Permian,430,Texas,42,Midland,329,Sweetie Peck,48-692550,June Tippett #16,Conventional Hydrocarbon,6307,6412,13080,2862,1.099,1.099,60,0.069,71,7.87,mg/L,155455,155455,0.1,62.64,190.13,230.79,8792,94690.94,8.615,651.71,21.98,1174.83,49130.87,881.4,478.07,54,68
32.9047,-103.61,30025012650000,West Texas and Eastern New Mexico,Wolfcamp,Permian,430,New Mexico,30,Lea,25,,,Seaman Unit #3,Conventional Hydrocarbon,10182,10256,13000,2752,1.095,1.095,60.08,0.069,74,6.68,mg/L,140936,140936,0,58.04,346.02,202.58,8760,86192.93,50.37,332.88,21.9,3086.81,40693.12,1725.72,249.66,53,67
31.7179,-102.981,42495049770000,West Texas and Eastern New Mexico,Devonian,Permian,430,Texas,42,Winkler,495,Halley,48-300375,Sealy & Smith #11,Conventional Hydrocarbon,9902,9962,10056,2758,1.085,1.085,60,0.034,76,6.4,mg/L,124107,124107,0.1,48.83,340.69,437.26,8159,78865.4,6.51,2430,21.7,7277.1,26776.62,43.4,352.63,53,68
31.3577,-103.2433,42389001080000,West Texas and Eastern New Mexico,Delaware Sd.,Permian,430,Texas,42,Reeves,389,Worsham,48-779491,R.w. Burkholder #1,Conventional Hydrocarbon,4919,6412,5008,2561,1.193,1.193,60,0.117,76,5.5,mg/L,340404,340404,0.2,19.09,1061,72.77,42112,211280.3,21.47,1204,21.47,4285.26,80182.51,518.96,1717,53,68
31.1834,-103.2172,42389006600000,West Texas and Eastern New Mexico,Cherry Canyon,Permian,430,Texas,42,Reeves,389,Wildcat,48-768291,Txl 3 No. 1,Conventional Hydrocarbon,6643,6746,8614,2749,1.176,1.176,60,0.0995,75,7.4,mg/L,291338,291338,0,15.83,234.075,354.14,3010,173461.18,18.82,533.9,21.17,571.54,109383.98,4010.16,377.5,56,73
31.4345,-103.1338,42475007550000,West Texas and Eastern New Mexico,Delaware,Permian,430,Texas,42,Ward,475,"Pyote, South",48-576339,W. D. Black #87,Conventional Hydrocarbon,5000,6412,6190,2587,1.171,1.171,60.08,0.143,74,7.5,mg/L,301889,301889,0,32.79,566.76,193.22,18736,183144.4,30.45,1263,21.08,4320.99,88758.25,763.49,572.62,53,68
31.8676,-102.6589,42135014950000,West Texas and Eastern New Mexico,Glorieta,Permian,430,Texas,42,Ector,135,Metz,,W.e. Connell Tr.  D,Conventional Hydrocarbon,6307,6412,9610,2855,1.079,1.079,60,0.071,84,6.4,mg/L,112965,112965,0,34.53,299.96,879.39,5869,68098.93,7.55,644.16,20.5,2097.58,34111.62,1510.6,224.43,53,67
32.9776,-103.2723,30025037200000,West Texas and Eastern New Mexico,Dean,Permian,430,New Mexico,30,Lea,25,Dean,35-184116,State 396 #4,Conventional Hydrocarbon,10385,10453,11600,2752,1.121,1.121,60.08,0.057,75,6.55,mg/L,188816,188816,0.1,40.36,315,90.8,12913,116061.61,33.63,790.31,20.18,2396.7,55851.89,892.32,515.66,53,68
31.6857,-102.1318,42329016010000,West Texas and Eastern New Mexico,Ellenburger,Permian,430,Texas,42,Midland,329,Pegasus,48-548165,J. Tippett #16,Conventional Hydrocarbon,12752,12828,13080,2862,1.094,1.094,60,0.067,77,5.01,mg/L,133894,133894,-0.1,15.83,234.075,183,9040,81600,8.615,838,20,1311,39764,780,358,56,71
31.5528,-102.8138,42475035320000,West Texas and Eastern New Mexico,Waddell Simpson,Permian,430,Texas,42,Ward,475,Janelle Southeast,48-354711,E.edwards Et Al #1,Conventional Hydrocarbon,8668,6412,9420,2636,1.17,1.17,60,0.039,80,6.28,mg/L,310723,310723,0,21.06,234.075,171.99,3559,184626,8.615,604.89,19.89,1022.58,115593.37,4914,161.46,55,70
31.6427,-102.5724,42103052960000,West Texas and Eastern New Mexico,Permian,Permian,430,Texas,42,Crane,103,Jordan,48-363967,University 23#1,Conventional Hydrocarbon,3407,6412,3587,2752,1.101,1.101,60,0.067,73,8.56,mg/L,150142,150142,0.6,15.83,234.075,524.08,2642,87445.82,8.615,871.99,19.82,2140.34,52274.38,4988.63,295.07,55,69
33.59,-101.1339,42107000780000,West Texas and Eastern New Mexico,Wolfcamp Abo,Permian,430,Texas,42,Crosby,107,Wildcat,48-768291,Morgan Jones Estate #1 (sog),Conventional Hydrocarbon,4364,4439,5204,2752,1.075,1.075,60,0.069,77,8.6,mg/L,105214,105214,0.2,15.83,234.075,21.5,6880,62891.8,3.23,982.55,19.35,2246.75,29451.93,2913.25,309.6,54,69
31.9018,-102.5538,42135040570000,West Texas and Eastern New Mexico,Cisco,Permian,430,Texas,42,Ector,135,Donnelly,48-197169,J.l. Johnson Jr. B #1,Conventional Hydrocarbon,8684,8688,12838,3083,1.117,1.117,60,0.062,70,6.6,mg/L,205538,205538,0,40.21,292.65,134.04,10371,124880.6,21.22,747.27,18.99,1085.72,67076.73,1056.68,370.84,52,67
30.98,-100.9833,42413006140000,West Texas and Eastern New Mexico,Wilberns,Permian,430,Texas,42,Schleicher,413,,,M.f. Mccatchy,Conventional Hydrocarbon,7409,7556,7429,2237,1.085,1.085,60,0.069,84,7,mg/L,134426,134426,0,23.87,93.31,175.77,4808,79340.63,3.26,1445,18.45,3244.15,40253.09,2740.71,158.41,53,67
31.3312,-103.1143,42389001140000,West Texas and Eastern New Mexico,Delaware,Permian,430,Texas,42,Reeves,389,"Waha, North",48-744722,J.groene #1&2,Conventional Hydrocarbon,4926,6412,5036,2538,1.146,1.146,60,0.01,76,7.99,mg/L,251387,251387,0.1,28.65,664.68,489.34,19069,154366.2,32.09,825.12,18.34,4561.08,70081.73,1592.94,653.22,53,68
31.3559,-103.235,42389004230000,West Texas and Eastern New Mexico,Delaware Sd.,Permian,430,Texas,42,Reeves,389,Worsham,48-779491,Gilmore #2,Conventional Hydrocarbon,4900,6412,6360,2574,1.175,1.175,60,0.132,76,7.8,mg/L,307562,307562,0.2,11.75,898.88,356.03,36131,190467.5,9.4,1175,17.63,3883.38,74433.15,540.5,1316,53,68
31.8028,-103.0326,42495055080000,West Texas and Eastern New Mexico,Clear Fork,Permian,430,Texas,42,Winkler,495,Emperor,48-224220,J.a. Thomas #1,Conventional Hydrocarbon,6250,6365,9700,2856,1.165,1.165,60,0.042,75,6.52,mg/L,283315,283315,0,9.32,83.88,249.31,3168,168947.14,2.33,333.19,17.48,679.2,106114.99,3582.38,194.56,53,68
33.4073,-104.2266,30005002510000,West Texas and Eastern New Mexico,Devonian,Permian,430,New Mexico,30,Chaves,5,Wildcat,35-768291,State Chaves 180 #1,Conventional Hydrocarbon,6613,6688,6930,2752,1.08,1.08,60,0.079,76,6.85,mg/L,118652,118652,0,6.48,234.075,408.24,3715,71800.56,8.615,524.88,17.28,2519.64,37953.78,1398.6,207.36,55,70
33.4073,-104.2266,30025002510000,West Texas and Eastern New Mexico,Devonian,Permian,430,New Mexico,30,Lea,25,Wildcat,35-768291,State Chaves 180 #1,Conventional Hydrocarbon,6613,6688,6930,2752,1.08,1.08,60,0.079,76,6.85,mg/L,118652,118652,-0.3,15.83,234.075,408.24,3715,71800.56,8.615,524.88,17.28,2519.64,37670.4,1398.6,207.36,56,71
31.6798,-102.1564,42329015870000,West Texas and Eastern New Mexico,Devonian,Permian,430,Texas,42,Midland,329,Pegasus,48-548165,June Tippett #1,Conventional Hydrocarbon,12167,12342,13262,2894,1.124,1.124,60,0.046,78,6.41,mg/L,187721,187721,0.2,107,171,144,13290,115100,7,1420,17,1895,55204.13,575,788,53,68
30.7628,-101.6058,42105101920000,West Texas and Eastern New Mexico,Ellenburger,Permian,430,Texas,42,Crockett,105,Lancaster Hill,48-399950,Univ. #1-19,Conventional Hydrocarbon,9312,9505,9505,2752,1.094,1.094,60,0.068,74,6.79,mg/L,148785,148785,0,6,234.075,415,1279,86900,1,279,17,825,55046.31,3830,276,54,70
32.752,-103.4858,30025203780000,West Texas and Eastern New Mexico,Mid Delaware,Permian,430,New Mexico,30,Lea,25,Vacuum North,35-731829,State Lea 403 #4,Conventional Hydrocarbon,5690,5810,11896,2752,1.085,1.085,60,0.073,77,7.91,mg/L,118517,118517,-0.1,15.83,234.075,98,5840,70300,8.615,497,17,1359,37281,2900,225,56,71
33.2721,-103.1478,30025050220000,West Texas and Eastern New Mexico,Penn,Permian,430,New Mexico,30,Lea,25,Gladiola,35-274634,John Shulte #4,Conventional Hydrocarbon,10225,10300,11955,2752,1.084,1.084,60.08,0.0721,77,7.03,mg/L,127229,127229,0.1,53.12,210.3,138.75,6504,76870.78,17.34,447.69,16.26,1211.91,40524.37,1433.05,363.14,53,67
31.9496,-103.0776,42495045490000,West Texas and Eastern New Mexico,Silurian,Permian,430,Texas,42,Winkler,495,Keystone,48-377362,J.b. Walton #15,Conventional Hydrocarbon,7899,6412,8160,2968,1.077,1.077,60,0.069,80,7.2,mg/L,119609,119609,0,28,255.25,306.95,7323,71791.74,2.15,767.9,16.16,2040.92,35136.86,2524.49,228.32,53,67
31.718,-102.9948,42495044540000,West Texas and Eastern New Mexico,C Pecos Wolfcamp Lower,Permian,430,Texas,42,Winkler,495,Halley,48-300375,Sealy And Smith Unit,Conventional Hydrocarbon,8030,8110,12124,2752,1.151,1.151,60,0.041,80,6.96,mg/L,265574,265574,0,5.76,116.25,112.8,2946,159162.58,3.45,163.44,16.11,559.39,99816.41,2532.2,183.01,53,68
33.11,-101.3543,42169100920000,West Texas and Eastern New Mexico,Pennsylvanian,Permian,430,Texas,42,Garza,169,Kirkpatrick,48-381695,Kirkpatrick #1-c,Conventional Hydrocarbon,7916,6412,8160,2471,1.073,1.073,60,0.1,76,6.89,mg/L,103054,103054,0,16,114,305,3442,62000,4,527,16,1215,34280.34,1200,124,53,68
31.7658,-102.9991,42495103100000,West Texas and Eastern New Mexico,Clear Fork,Permian,430,Texas,42,Winkler,495,Kermit Se,48-376246,Hogg #1,Conventional Hydrocarbon,6180,6260,12460,2819,1.113,1.113,60,0.079,76,8.07,mg/L,170517,170517,0,15.83,234.075,182,9760,103450,8.615,865,16,3010,50629,2280,325,56,71
32.8532,-103.8677,30015101620000,West Texas and Eastern New Mexico,Jackson,Permian,430,New Mexico,30,Eddy,15,Grayburg Jackson,35-286570,H. E. West #28,Conventional Hydrocarbon,3749,3781,3850,2752,1.142,1.142,60,0.057,76,5.75,mg/L,258056,258056,0,30.83,141.61,132.47,7582,157710.2,30.83,1169,15.99,4933.44,84453.68,1964.24,94.79,53,68
32.2928,-101.2696,42227031370000,West Texas and Eastern New Mexico,Clear Fork,Permian,430,Texas,42,Howard,227,Itaw,,Emma F. Davis #4,Conventional Hydrocarbon,2559,6412,2685,2752,1.055,1.055,60,0.094,75,7.03,mg/L,88010,88010,-0.1,9.5,137.15,321.78,3103,50692.75,5.28,623.51,15.83,1225.91,28402.94,3543.75,44.31,53,69
33.385,-101.3963,42169019150000,West Texas and Eastern New Mexico,Strawn,Permian,430,Texas,42,Garza,169,Wildcat,48-768291,Phillip Thomas #1,Conventional Hydrocarbon,7985,8050,8885,2621,1.12,1.12,60,0.055,77,6.68,mg/L,191206,191206,0,26.88,356.16,178.08,5913,116355.68,28,323.68,15.68,1850.24,65536.33,1059.52,209.44,53,67
33.1485,-102.538,42169018510000,West Texas and Eastern New Mexico,Clear Fork,Permian,430,Texas,42,Garza,169,,,Lottie Stoker #1,Conventional Hydrocarbon,3314,3374,8148,2344,1.114,1.114,60,1.114,60,6.62,mg/L,177599,177599,-0.1,33.42,267.36,666.17,7129,105857.85,4.46,1613,15.6,2381.73,56957.68,3620.5,61.27,53,67
32.5287,-102.5588,42165025320000,West Texas and Eastern New Mexico,Wolfcamp,Permian,430,Texas,42,Gaines,165,Nolley,48-510541,,Conventional Hydrocarbon,9200,9300,9535,3175,1.108,1.108,60,0.066,74,6.75,mg/L,151952,151952,0,41,226.03,852.05,7091,91537.42,16.62,901.91,15.51,2046.48,47978.7,1833.74,166.2,53,69
31.6874,-101.687,42173007740000,West Texas and Eastern New Mexico,Fusselman,Permian,430,Texas,42,Glasscock,173,Wildcat,48-768291,Fannie Boyd #12,Conventional Hydrocarbon,11479,11600,11600,2714,1.081,1.081,60,0.067,75,6.5,mg/L,125015,125015,0,24.86,234.075,258.36,3286,73783.66,1.08,40,15.13,315.65,43575.96,258.36,198.9,53,68
31.64,-102.5704,42103053050000,West Texas and Eastern New Mexico,Unknown,Permian,430,Texas,42,Crane,103,Jordan,,Univ. 23#6,Conventional Hydrocarbon,3275,3577,3577,2752,1.074,1.074,60,0.095,74,6.58,mg/L,103922,103922,0.1,9,75,128,2800,59500,1,596,15,1263,34841,4640,243,53,68
32.6013,-100.2929,42151013620000,West Texas and Eastern New Mexico,Coleman Junction,Permian,430,Texas,42,Fisher,151,"Sweetwater Canyon, North",,Nettleton #7,Conventional Hydrocarbon,3865,3875,3930,2752,1.064,1.064,60,0.09,78,7.48,mg/L,88532,88532,-0.1,4.26,74.48,248.98,3234,49610.06,3.19,477.27,14.9,1.06,31061.08,5324.26,4.26,53,67
32.5529,-102.7319,42165023530000,West Texas and Eastern New Mexico,Devonian,Permian,430,Texas,42,Gaines,165,Flanagan,48-243614,Wl Hawkins #1,Conventional Hydrocarbon,6307,6412,12306,2752,1.046,1.046,60,0.119,75,7.03,mg/L,63349,63349,-0.1,23.01,38.7,403.76,1673,35604.79,1.05,529.28,14.64,609.82,21380.83,3305.36,39.75,53,69
31.8808,-103.007,42495044280000,West Texas and Eastern New Mexico,Tubb Lower,Permian,430,Texas,42,Winkler,495,"Kermit, South",48-376277,Campbell Estate #1,Conventional Hydrocarbon,6430,6505,9430,2925,1.098,1.098,60,0.067,75,7.36,mg/L,146225,146225,0,19.76,275.6,301.95,7202,88764.52,9.88,886.09,14.27,1600.88,46465.57,1317.6,261.32,53,67
31.7179,-102.981,42495049770000,West Texas and Eastern New Mexico,Clear Fork,Permian,430,Texas,42,Winkler,495,Halley,48-300375,Sealy And Smith,Conventional Hydrocarbon,5490,5590,10056,2758,1.091,1.091,140,0.056,80,6.33,mg/L,138813,138813,0,19.64,447.31,660.06,7680,83556.42,7.64,836.8,14.18,2015.08,42179.44,1745.6,219.29,53,68
31.7658,-102.9991,42495103100000,West Texas and Eastern New Mexico,Clear Fork,Permian,430,Texas,42,Winkler,495,Kermit Se,48-376246,Hogg #1,Conventional Hydrocarbon,5680,5710,12460,2819,1.113,1.113,60,0.073,76,7.31,mg/L,174932,174932,0,17,303,466,8480,105600,15,932,14,2235,55080.45,2000,288,53,68
32.8532,-103.8677,30015101620000,West Texas and Eastern New Mexico,Jackson,Permian,430,New Mexico,30,Eddy,15,Grayburg Jackson,35-286570,H. E. Wood #28,Conventional Hydrocarbon,3749,3781,3850,2752,1.142,1.142,60,0.057,76,5.75,mg/L,225969,225969,0,27,124,116,6640,138100,5,1124,14,4320,73889.63,1720,83,53,68
32.752,-103.4858,30025203780000,West Texas and Eastern New Mexico,Abo Reef,Permian,430,New Mexico,30,Lea,25,Vacuum North,35-731829,State Lea 403 #4,Conventional Hydrocarbon,10185,6412,11896,2752,1.062,1.062,60,0.112,74,7.44,mg/L,80328,80328,-0.1,15.83,234.075,744,2640,47400,8.615,375,14,2379,24270,2350,156,56,71
32.5367,-100.4187,42151013420000,West Texas and Eastern New Mexico,Canyon,Permian,430,Texas,42,Fisher,151,Sweetwater,48-692612,Sweetwater Canyon Sand Unit #2,Conventional Hydrocarbon,5221,5274,5323,2752,1.068,1.068,60,0.113,73,7.09,mg/L,96092,96092,-0.1,6,234.075,592,2760,54950,8.615,365,14,1360,31823.43,4170,48,55,70
31.9492,-103.0775,42495045320000,West Texas and Eastern New Mexico,Ellenburger,Permian,430,Texas,42,Winkler,495,Keystone,48-377362,J.b. Walton a #9-e,Conventional Hydrocarbon,9714,6412,10057,2968,1.056,1.056,60,0.106,75,7.96,mg/L,74521,74521,0,24.29,125.66,177.41,2787,43527.26,8.615,558.62,13.73,538.56,24809.88,2267.23,120.38,53,67
32.1037,-100.2784,42353010530000,West Texas and Eastern New Mexico,Gardner,Permian,430,Texas,42,Nolan,353,,,J.m. Craig #10,Conventional Hydrocarbon,5403,5546,5910,2094,1.039,1.039,60,0.142,74,7.43,mg/L,52230,52230,-0.1,9.35,234.075,410.41,1662,29656.18,1.04,390.66,13.51,379.24,17536.13,2230.73,46.76,54,69
31.7407,-101.767,42173007900000,West Texas and Eastern New Mexico,Spraberry,Permian,430,Texas,42,Glasscock,173,Driver Sprberry S,48-203075,Txl Glasscock #b-1,Conventional Hydrocarbon,6307,6412,7875,2715,1.118,1.118,60,0.053,77,5.86,mg/L,184622,184622,0.4,23.48,621.61,54.78,11627,114165.69,46.96,4862,13.42,2716.74,52813.72,77.14,1432,53,67
31.5528,-102.8138,42475035320000,West Texas and Eastern New Mexico,Ellenburger,Permian,430,Texas,42,Ward,475,Janelle Southeast,48-354711,Edwards Et Al #1,Conventional Hydrocarbon,9220,6412,9420,2636,1.187,1.187,60,0.04,80,7.69,mg/L,347706,347706,0,33.24,234.075,731.19,2848,205469.7,8.615,675.4,13.06,1037.44,130630.55,6065.57,180.42,55,70
31.1954,-102.1703,42329100780000,West Texas and Eastern New Mexico,San Andres,Permian,430,Texas,42,Midland,329,Wildcat,48-768291,June Tippitt #37,Conventional Hydrocarbon,5725,6412,5725,2899,1.144,1.144,60,0.071,76,6.67,mg/L,209805,209805,0.6,19,402,107,14800,129300,35,560,13,3400,60298.4,348,2100,53,68
33.3056,-103.1168,30025071390000,West Texas and Eastern New Mexico,Wolfcamp,Permian,430,New Mexico,30,Lea,25,Gladiola,35-274634,Kendrick Estate #1,Conventional Hydrocarbon,9468,6412,12021,2752,1.1,1.1,60,0.07,77,5.55,mg/L,151099,151099,0.1,33,332,79,11360,92950,32,216,13,2430,42975.65,916,390,53,68
33.11,-101.3543,42169100920000,West Texas and Eastern New Mexico,Pennsylvanian,Permian,430,Texas,42,Garza,169,Kirkpatrick,48-381695,Kirkpatrick #1-c,Conventional Hydrocarbon,8034,6412,8160,2471,1.061,1.061,60,0.12,76,7.18,mg/L,87269,87269,-0.1,15.83,234.075,244,3240,52300,8.615,504,13,875,28800,1175,118,56,71
31.6382,-102.5673,42103053070000,West Texas and Eastern New Mexico,San Andres,Permian,430,Texas,42,Crane,103,Jordan,48-363967,Univ. 23#7,Conventional Hydrocarbon,3275,3556,3582,2752,1.07,1.07,60,0.112,74,7.32,mg/L,99463,99463,0,9,84,61,2320,56700,8.615,569,13,1263,33645.7,4780,196,54,69
33.1511,-103.6158,30025011010000,West Texas and Eastern New Mexico,Pennsylvanian,Permian,430,New Mexico,30,Lea,25,Lazy J,35-405871,State 245 #7,Conventional Hydrocarbon,9631,9673,9700,2752,1.077,1.077,60.08,0.067,84,7.09,mg/L,114003,114003,0.1,28,224.02,275.71,5945,69309.26,15.08,68.93,12.92,1204.09,36280.14,823.91,397.41,53,67
31.6895,-102.6545,42135014970000,West Texas and Eastern New Mexico,Detrital Devonian,Permian,430,Texas,42,Ector,135,Metz,48-470210,Connell 17d,Conventional Hydrocarbon,6940,7050,9157,2857,1.125,1.125,60,1.125,60,6.42,mg/L,353786,353786,0,15.83,234.075,466.88,18731,217237.5,8.615,1831,12.38,7436.25,105393.38,2396.25,281.25,56,71
32.4875,-100.1746,42353010570000,West Texas and Eastern New Mexico,Caddo,Permian,430,Texas,42,Nolan,353,White Flat,48-764106,J.m. Freeman,Conventional Hydrocarbon,5403,5546,5549,1978,1.051,1.051,60,0.136,73,7.32,mg/L,68491,68491,-0.1,9,234.075,195,2280,39900,2,496,12,632,22797.58,2125,53,54,69
31.9012,-102.5525,42103042620000,West Texas and Eastern New Mexico,Holt,Permian,430,Texas,42,Crane,103,Donnelly-holt,48-197169,J.l. Johnson Unit #43,Conventional Hydrocarbon,5636,5800,5800,3081,1.084,1.084,60,0.109,70,7.4,mg/L,122901,122901,0,11,51,722,2960,71800,8.615,773,12,1457,42469.29,4820,102,54,69
30.7238,-100.4371,42413005760000,West Texas and Eastern New Mexico,Strawn,Permian,430,Texas,42,Schleicher,413,Wildcat,48-768291,Copeland #1,Conventional Hydrocarbon,5477,5505,6486,2359,1.058,1.058,60,0.13,74,7.02,mg/L,79608,79608,-0.1,15.83,234.075,424,2520,47050,8.615,585,12,559,26894,1366,198,56,71
31.6882,-102.1465,42329100080000,West Texas and Eastern New Mexico,Spraberry,Permian,430,Texas,42,Midland,329,Pegasus,48-548165,June Tippett #33,Conventional Hydrocarbon,7652,7730,13270,2895,1.058,1.058,60,0.121,72,7.41,mg/L,82430,82430,-0.1,15.83,234.075,305,1560,49650,8.615,285,12,292,29772,295,259,56,71
32.6891,-102.0557,42115000460000,West Texas and Eastern New Mexico,Spraberry,Permian,430,Texas,42,Dawson,115,,,#1 Hardy,Conventional Hydrocarbon,8099,8210,12166,2752,1.073,1.073,15.6,0.885,77,7.92,mg/L,111404,111404,0.2,27.9,673.84,299.37,2317,66959.49,70.82,269.32,11.8,574.06,40229.05,986.09,528.99,53,68
32.8569,-103.8764,30015050740000,West Texas and Eastern New Mexico,Wolfcamp,Permian,430,New Mexico,30,Eddy,15,Grayburg-jackson,35-286570,H. E. West /b/ #27,Conventional Hydrocarbon,8975,9070,12860,2752,1.073,1.073,60,0.781,76,7.9,mg/L,116920,116920,87.6,15.83,234.075,196.36,4635,4635.36,8.615,126.61,11.8,1511.86,38220.26,1510.6,174.9,56,71
31.2719,-102.664,42371042210000,West Texas and Eastern New Mexico,Waddell,Permian,430,Texas,42,Pecos,371,Abell,48-001652,Bessie Heierman #1,Conventional Hydrocarbon,5882,5900,5500,2752,1.057,1.057,60,0.115,62,6.62,mg/L,75789,75789,0.1,4.23,257.91,77.16,6468,46847.3,6.34,216.69,11.63,1002.04,21394.8,903.74,258.97,53,67
31.0857,-101.9778,42461038430000,West Texas and Eastern New Mexico,Permian Detrital,Permian,430,Texas,42,Upton,461,,,#1-b Corbett,Conventional Hydrocarbon,6363,6414,6855,2548,1.054,1.054,60,0.1115,75,6.63,mg/L,71017,71017,-0.1,15.83,234.075,360.47,2909,42043.01,8.615,790.5,11.59,793.66,22675.76,1362.82,70.62,56,70
32.9592,-102.3624,42445007070000,West Texas and Eastern New Mexico,Pennsylvanian,Permian,430,Texas,42,Terry,445,,,#1 Sims,Conventional Hydrocarbon,9825,9886,10514,2752,1.052,1.052,60,1.137,75,8.31,mg/L,73066,73066,0.2,9.47,307.18,27.35,2566,43828.42,8.42,232.49,11.57,434.48,25061.44,966.79,267.21,52,66
31.718,-102.9948,42495044540000,West Texas and Eastern New Mexico,San Andres,Permian,430,Texas,42,Winkler,495,Halley,48-300375,Sealy & Smith Fnd.,Conventional Hydrocarbon,4790,4850,12124,2752,1.145,1.145,60,0.049,79,6.2,mg/L,238677,238677,0,9.16,83.59,446.55,2198,140876.22,8.615,644.64,11.45,1001.88,88856.43,4646.41,169.46,54,68
31.6773,-102.2319,42329016110000,West Texas and Eastern New Mexico,Penn,Permian,430,Texas,42,Midland,329,Sweetie Peck,48-692550,June Sanders,Conventional Hydrocarbon,10600,6412,11801,2904,1.055,1.055,60,0.098,77,7.3,mg/L,75048,75048,0.2,56,137,174,6030,45700,46,75,11,633,21755.16,505,360,53,68
32.2927,-101.0921,42335302820000,West Texas and Eastern New Mexico,Wichita Albany,Permian,430,Texas,42,Mitchell,335,Wildcat,48-768291,Barber #1,Conventional Hydrocarbon,3527,3557,3700,2752,1.067,1.067,60,0.077,76,7.62,mg/L,91262,91262,-0.1,12,144,366,3310,52500,1,407,11,1140,29720.5,3670,4,53,68
32.5287,-102.5588,42165025320000,West Texas and Eastern New Mexico,Unknown,Permian,430,Texas,42,Gaines,165,Nolley Wolfcamp,,H. R. Cope #4-b,Conventional Hydrocarbon,9061,9169,9539,3175,1.076,1.076,60.08,0.076,78,6.78,mg/L,112139,112139,0,27.98,156.02,813.46,4734,67338.23,11.84,646.68,10.76,1568.81,35833.19,1398.8,123.74,53,68
32.5042,-100.3983,42353010590000,West Texas and Eastern New Mexico,Caddo,Permian,430,Texas,42,Nolan,353,,,"Gulf, Colo & Santa Fe #1",Conventional Hydrocarbon,6307,6311,6251,2070,1.075,1.075,60,0.0788,77,6.03,mg/L,106638,106638,0,11.83,113.95,327.88,8600,64797.78,2.15,433.23,10.75,1671.63,29428.1,1297.53,109.65,53,67
31.8558,-101.401,42173007880000,West Texas and Eastern New Mexico,Clear Fork,Permian,430,Texas,42,Glasscock,173,,,#1 Henrietta Long,Conventional Hydrocarbon,5110,5165,10230,2588,1.061,1.061,60,0.091,67,7.78,mg/L,92571,92571,0,25.46,235.54,710.87,2546,53608.09,44.56,272.68,10.61,825.46,31797.74,2926.24,134.75,53,67
32.8787,-103.1286,30025072890000,West Texas and Eastern New Mexico,San Andres,Permian,430,New Mexico,30,Lea,25,Knowles,35-383951,Amerada S. B. #1,Conventional Hydrocarbon,6307,6412,12080,2752,1.037,1.037,69.8,0.172,74,7.28,mg/L,46224,46224,0,9.33,21.78,450.06,2422,26583.5,8.615,170.07,10.37,763.23,13077.06,77.78,101.63,54,68
32.7544,-103.4811,30025201730000,West Texas and Eastern New Mexico,Wolfcamp,Permian,430,New Mexico,30,Lea,25,Vacuum North,35-731829,Gate Lea 4011 #1,Conventional Hydrocarbon,10015,6412,12000,2752,1.063,1.063,60,0.103,76,8.3,mg/L,101057,101057,0,18,10,732,2060,58100,3,576,10,321,36092.01,3050,12,52,67
31.6411,-102.5546,42103053320000,West Texas and Eastern New Mexico,San Andres,Permian,430,Texas,42,Crane,103,Jordan,48-363967,Univ 24#2,Conventional Hydrocarbon,3330,3607,3612,2752,1.058,1.058,60,0.125,74,8.15,mg/L,81773,81773,0.1,16,32,1258,2120,44900,8.615,463,10,1142,26976.85,4790,171,53,68
31.1742,-102.5563,42135051570000,West Texas and Eastern New Mexico,San Andres,Permian,430,Texas,42,Ector,135,Jordan,48-363967,Univ. 78 #4,Conventional Hydrocarbon,3366,3642,3645,2849,1.057,1.057,60,0.12,74,7.92,mg/L,80935,80935,0,8,234.075,1098,1920,43600,8.615,458,10,803,27325.41,5610,155,55,70
33.1485,-101.2538,42169018510000,West Texas and Eastern New Mexico,Pennsylvanian Pennsylvani,Permian,430,Texas,42,Garza,169,,,Stoker #1,Conventional Hydrocarbon,7632,7732,8148,2344,1.073,1.073,60,0.079,77,6.7,mg/L,106125,106125,0,17.17,149.15,353.02,3176,63345.63,7.51,607.32,9.66,782.22,36471.29,1606.28,104.08,53,67
33.0033,-103.075,30025072640000,West Texas and Eastern New Mexico,Devonian,Permian,430,New Mexico,30,Lea,25,Medicine Rock,35-465250,Roberts #1,Conventional Hydrocarbon,12750,6412,12815,2752,1.063,1.063,60.08,0.87,76,7.12,mg/L,91505,91505,0,7.44,234.075,893.98,6723,54638.2,8.615,481.54,9.57,2039.9,24747.7,1886.83,87.17,55,70
32.4103,-101.8641,42317002780000,West Texas and Eastern New Mexico,Dean,Permian,430,Texas,42,Martin,317,,,#1 Lester,Conventional Hydrocarbon,8660,8766,8751,2655,1.059,1.059,60,0.096,67,7.51,mg/L,90540,90540,0,30.71,370.65,406.66,1948,50127.77,45.54,501.97,9.53,1132.07,30842.33,5841.44,124.96,53,67
31.216,-102.8099,42371042260000,West Texas and Eastern New Mexico,Fusselman,Permian,430,Texas,42,Pecos,371,Pecos Valley,48-547421,Realty Truck #1,Conventional Hydrocarbon,5682,5782,8100,2752,1.058,1.058,77,0.096,80,6.1,mg/L,79492,79492,0,12.7,242.28,305.76,2375,46710.7,6.35,409.45,9.52,1132.06,25407.48,201.02,150.24,52,66
31.2524,-101.0939,42235004510000,West Texas and Eastern New Mexico,San Angelo,Permian,430,Texas,42,Irion,235,Mertzon,48-469342,Sammy Suggs #1,Conventional Hydrocarbon,1692,6412,4520,4520,1.056,1.056,60,0.106,69,8.05,mg/L,75411,75411,0,9.5,93.98,250.27,1267,45867.36,6.34,125.66,9.5,769.82,26918.53,195.36,117.22,52,66
30.6446,-101.0167,42105026240000,West Texas and Eastern New Mexico,Ellenburger,Permian,430,Texas,42,Crockett,105,,,M.s. Jones #1,Conventional Hydrocarbon,9138,9221,9221,2752,1.055,1.055,60,0.099,76,6.6,mg/L,79885,79885,0,15.83,34.82,419.89,2616,47694.44,2.11,553.88,9.5,666.76,26964.16,1081.38,71.74,53,67
33.0033,-103.0825,30025072600000,West Texas and Eastern New Mexico,Devonian,Permian,430,New Mexico,30,Lea,25,Medicine Rock,35-465250,C. S. Stone #1,Conventional Hydrocarbon,12740,12752,12848,2752,1.054,1.054,60.08,0.09,76,7.49,mg/L,78690,78690,0,8.43,234.075,354.14,2824,46059.8,8.615,562.84,9.49,639.78,26134.55,2038.44,63.24,55,70
33.5107,-102.3051,42219005240000,West Texas and Eastern New Mexico,Pnl,Permian,430,Texas,42,Hockley,219,,,Halliburton #1,Conventional Hydrocarbon,10210,10260,10770,2752,1.038,1.038,60,0.14,75,7.95,mg/L,50794,50794,0.1,5.19,135.98,468.14,1992,29535.25,5.19,319.7,9.34,555.33,16508.8,1491.61,144.28,53,67
31.1114,-103.4192,42389001100000,West Texas and Eastern New Mexico,Delaware Bell Canyon,Permian,430,Texas,42,Reeves,389,Wildcat,48-768291,H.t. Collier #1,Conventional Hydrocarbon,6307,6412,5365,2830,1.153,1.153,60,0.039,79,6.1,mg/L,269938,269938,0.1,34.59,198.32,161.42,6825,164549.24,14.99,720.63,9.22,1792.92,95198.49,320.53,703.33,52,67
32.8532,-103.8764,30015103760000,West Texas and Eastern New Mexico,Jackson,Permian,430,New Mexico,30,Eddy,15,Jackson Grayburg,35-353006,H. E. Wield #29,Conventional Hydrocarbon,3756,3762,3810,2752,1.14,1.14,60,0.057,76,5.71,mg/L,258806,258806,0,15.83,145.92,514.14,7022,157434,1.14,1167,9.12,4594.2,85824.85,2177.4,19.38,54,69
31.237,-103.0622,42371104790000,West Texas and Eastern New Mexico,Cherry Canyon,Permian,430,Texas,42,Pecos,371,Coyanoso Cherry Canyon,48-167008,#1 A. Calvert,Conventional Hydrocarbon,5850,5860,12963,2752,1.132,1.132,60,1.132,60,7.95,mg/L,186995,186995,0.1,33,748,201,15000,113906,18,575,9,1974,53465.91,1488,385,53,68
33.1122,-103.0581,42501102170000,West Texas and Eastern New Mexico,Devonian,Permian,430,Texas,42,Yoakum,501,Wildcat,48-768291,Vera Van #1,Conventional Hydrocarbon,10850,6412,11995,3779,1.04,1.04,60,0.154,74,7.1,mg/L,55953,55953,-0.1,15.83,234.075,927,2320,31930,8.615,347,9,1775,15948,2550,147,56,71
32.0735,-103.2681,30025208430000,West Texas and Eastern New Mexico,Strawn,Permian,430,New Mexico,30,Lea,25,Wildcat,35-768291,,Conventional Hydrocarbon,13010,13109,13505,2752,1.026,1.026,60,0.179,74,7.75,mg/L,35220,35220,-0.1,15.83,234.075,621,744,20000,8.615,200,9,151,12373,1039,83,56,71
31.2667,-101.0935,42235004340000,West Texas and Eastern New Mexico,Clear Fork,Permian,430,Texas,42,Irion,235,Ketchum Mountain,48-376649,J.r. Scott #1,Conventional Hydrocarbon,4204,4214,4355,2586,1.057,1.057,60,0.102,72,6.64,mg/L,81852,81852,0,15.83,234.075,476,1561,49600,8.615,56,9,559,29278,5,308,56,71
30.8846,-100.6008,42413103090000,West Texas and Eastern New Mexico,Canyon,Permian,430,Texas,42,Schleicher,413,El Dorado,48-216687,Tk Jones,Conventional Hydrocarbon,6770,6778,6888,2445,1.063,1.063,60,1.063,60,5.2,mg/L,85991,85991,0,15.83,234.075,31,3200,51856,8.615,705,9,668,28619.79,825,80,56,71
31.6347,-102.5481,42103053380000,West Texas and Eastern New Mexico,San Andres,Permian,430,Texas,42,Crane,103,Jordan,48-363967,Univ. 24#9,Conventional Hydrocarbon,3204,3564,3564,2752,1.052,1.052,60,0.138,74,8.91,mg/L,70964,70964,0.3,11,234.075,354.14,1800,38950,8.615,434,9,948,23617.72,5020,148,54,69
33.081,-103.5438,30025018760000,West Texas and Eastern New Mexico,Pennsylvanian,Permian,430,New Mexico,30,Lea,25,Wildcat,35-768291,Machris State #1,Conventional Hydrocarbon,10537,6412,10705,2752,1.105,1.105,60,0.062,75,6.3,mg/L,171350,171350,0.2,26.52,229.84,302.77,9724,102651.19,19.89,743.67,8.84,1074.06,54141.08,2348.13,707.2,53,68
31.303,-102.874,42371011910000,West Texas and Eastern New Mexico,Yates,Permian,430,Texas,42,Pecos,371,Payton,48-545289,Br Payton #10,Conventional Hydrocarbon,2200,6412,2096,2752,1.065,1.065,60,1.065,60,7.82,mg/L,101050,101050,0,24.5,52.19,579.36,1278,53810.19,8.615,205.55,8.52,1863.75,34303.46,9056.76,52.19,54,68
31.3834,-102.8717,42475000150000,West Texas and Eastern New Mexico,Queen,Permian,430,Texas,42,Ward,475,,,Unit Tract 3 #2,Conventional Hydrocarbon,6307,6412,2640,2515,1.059,1.059,60,1.059,60,6.62,mg/L,80552,80552,0,46.6,216.04,103.78,5633,48438.66,3.18,262.63,8.47,1749.47,22479.31,1991.98,121.79,53,67
32.5562,-102.7025,42165002510000,West Texas and Eastern New Mexico,Clear Fork,Permian,430,Texas,42,Gaines,165,Harris,48-307474,,Conventional Hydrocarbon,6307,6412,6410,3308,1.055,1.055,60.08,0.0995,75,7.79,mg/L,76999,76999,0,15.83,73.85,759.6,3122,44327.94,4.22,507.46,8.44,1486.5,23818.15,3152.34,43.26,53,70
32.4103,-101.8641,42317002780000,West Texas and Eastern New Mexico,San Andres,Permian,430,Texas,42,Martin,317,Wildcat,48-768291,Harry Lester #1,Conventional Hydrocarbon,4030,4065,8751,2655,1.054,1.054,60,0.106,82,6.68,mg/L,28260,28260,0,22.13,297.23,1350.17,3541,46714.33,3.16,268.77,8.43,1690.62,24749.56,2785.72,140.18,53,67
31.8466,-103.7804,42301000840000,West Texas and Eastern New Mexico,Delaware,Permian,430,Texas,42,Loving,301,"Tunstill, East",48-720997,T X L 17,Conventional Hydrocarbon,4200,6412,3728,2828,1.046,1.046,60.08,0.297,74,7.2,mg/L,67886,67886,-0.5,15.83,234.075,102.51,4225,41735.4,8.615,208.15,8.37,1295.99,19529.87,452.92,186.19,56,71
31.8764,-103.1675,42495045120000,West Texas and Eastern New Mexico,Permian,Permian,430,Texas,42,Winkler,495,Henderson,48-315837,H.e. Cummings d #1,Conventional Hydrocarbon,3046,6412,3060,2875,1.014,1.014,60,0.601,75,7.75,mg/L,11644,11644,0.2,1.01,234.075,507,811.2,4710.03,8.615,44.62,8.11,275.81,2893.85,2337.27,13.18,54,68
31.6725,-102.5557,42135057550000,West Texas and Eastern New Mexico,San Andres,Permian,430,Texas,42,Ector,135,Jordan,48-363967,Univ. 78 #2,Conventional Hydrocarbon,3596,6412,3631,2845,1.05,1.05,60,0.14,74,7.81,mg/L,71396,71396,0,8,234.075,1398,1840,37700,2,360,8,851,23634.26,5510,133,54,69
32.8532,-103.8764,30015103760000,West Texas and Eastern New Mexico,Jackson,Permian,430,New Mexico,30,Eddy,15,Jackson Grayburg,35-353006,H. E. Weck #29,Conventional Hydrocarbon,3756,3762,3810,2752,1.14,1.14,60,0.057,76,5.71,mg/L,227023,227023,0,22,128,451,6160,138100,1,1024,8,4030,75284.96,1910,17,53,68
31.6908,-100.5186,42451100890000,West Texas and Eastern New Mexico,Pennsylvanian Odom,Permian,430,Texas,42,Tom Green,451,Wildcat,48-768291,March Ranch #1,Conventional Hydrocarbon,6511,6412,6690,2324,1.048,1.048,60,0.149,70,6.53,mg/L,68449,68449,0,15.83,234.075,756,2560,40300,8.615,369,8,849,22189,1293,125,56,71
30.77,-100.5544,42413100150000,West Texas and Eastern New Mexico,Permian Lower,Permian,430,Texas,42,Schleicher,413,,,Ruff #1,Conventional Hydrocarbon,2455,2459,6719,2359,1.062,1.062,60,1.062,60,7.18,mg/L,94780,94780,0,4.25,63.72,170.98,2718,55541.54,3.19,270.81,7.43,877.21,32452.21,2814.3,57.35,53,67
31.3028,-102.8757,42371012010000,West Texas and Eastern New Mexico,Yates,Permian,430,Texas,42,Pecos,371,Payton,48-545289,Br Payton #20,Conventional Hydrocarbon,2200,6412,2105,2752,1.06,1.06,60,1.06,60,7.72,mg/L,83523,83523,0,38.16,72.08,544.84,1102,47920.48,8.615,216.24,7.42,1545.48,28661.78,3593.4,32.86,54,68
33.385,-101.3963,42169019150000,West Texas and Eastern New Mexico,Ellenburger,Permian,430,Texas,42,Garza,169,Wildcat,48-768291,Phillip Thomas #1,Conventional Hydrocarbon,6307,6412,8885,2621,1.055,1.055,60,0.1,77,6.4,mg/L,74795,74795,-0.1,11.61,234.075,643.55,2489,43766.68,1.06,739.56,7.39,666.76,24890.29,1818.82,25.32,54,68
31.3166,-102.8776,42371011930000,West Texas and Eastern New Mexico,Yates,Permian,430,Texas,42,Pecos,371,Payton,48-545289,Br Payton #12,Conventional Hydrocarbon,2200,6412,2097,2752,1.047,1.047,60,1.047,60,7.82,mg/L,60954,60954,0,74.34,162.29,1784.09,418.8,36195.84,2.09,177.99,7.33,2645.77,18975.79,842.84,28.27,53,67
31.3563,-100.8879,42235004260000,West Texas and Eastern New Mexico,Cisco,Permian,430,Texas,42,Irion,235,,,Cravens #1,Conventional Hydrocarbon,6315,6324,7600,7600,1.045,1.045,60,1.045,60,7.78,mg/L,57366,57366,0.1,6.27,201.69,375.16,2257,33810.98,16.72,114.95,7.32,507.87,19060.46,1235.19,175.56,52,66
31.9194,-102.4128,42135079400000,West Texas and Eastern New Mexico,Grayburg,Permian,430,Texas,42,Ector,135,,,Ruth Palmer #1,Conventional Hydrocarbon,4195,4201,4205,2966,1.046,1.046,60,0.118,77,7.02,mg/L,64811,64811,0,8.37,234.075,1161.06,1924,35418.61,8.615,283.47,7.32,762.53,21372.41,3817.9,108.78,55,69
32.0548,-102.5673,42135017430000,West Texas and Eastern New Mexico,Pennsylvanian,Permian,430,Texas,42,Ector,135,Cowden North Deep,,Fay Holt #6,Conventional Hydrocarbon,5125,6412,5300,3090,1.036,1.036,60,0.15,77,8.06,mg/L,47006,47006,0.3,9.32,54.91,768.71,1616,25530.15,3.11,283.86,7.25,654.75,15096.11,3020.98,83.92,52,66
31.8558,-101.401,42173007880000,West Texas and Eastern New Mexico,Ellenberger,Permian,430,Texas,42,Glasscock,173,,,#1 Henrietta Long,Conventional Hydrocarbon,10130,10230,10230,2588,1.034,1.034,60,0.147,72,7.41,mg/L,49502,49502,0,7.24,234.075,687.61,1803,28450.51,2.07,191.29,7.24,311.23,16607.14,1485.86,85.82,54,68
32.0868,-102.7503,42135026060000,West Texas and Eastern New Mexico,Ellenburger,Permian,430,Texas,42,Ector,135,Goldsmith 5600,48-279052,B. Cowden #1,Conventional Hydrocarbon,8654,8664,8674,2752,1.028,1.028,60,0.175,72,8.26,mg/L,40227,40227,0.1,8.22,234.075,313.54,855.3,24239.21,2.06,285.78,7.2,459.52,13889.72,227.19,108.97,54,68
32.8569,-103.8764,30015050740000,West Texas and Eastern New Mexico,Devonian,Permian,430,New Mexico,30,Eddy,15,Grayburg-jackson,35-286570,H. E. West /b/ #27,Conventional Hydrocarbon,12820,12860,12860,2752,1.009,1.009,60,0.161,76,7.04,mg/L,48954,48954,-0.1,4.04,8.07,603.38,879.85,27276.3,8.615,393.51,7.06,500.46,16416.68,1513.5,35.32,53,68
31.4354,-103.0647,42475025800000,West Texas and Eastern New Mexico,Delaware,Permian,430,Texas,42,Ward,475,Wildcat,48-768291,Rh Dorsey #1,Conventional Hydrocarbon,5756,5804,6510,2560,1.172,1.172,60,0.048,71,5.8,mg/L,299734,299734,0,15.83,234.075,71.49,24729,185058.8,8.615,830.95,7.03,4160.6,83296.38,832.12,747.74,56,71
31.2597,-101.1021,42235004600000,West Texas and Eastern New Mexico,Clear Fork,Permian,430,Texas,42,Irion,235,Ketchum Mountain,48-376649,"Ela C. Iugg, Tr d #5",Conventional Hydrocarbon,4414,6412,4500,2663,1.059,1.059,60,0.108,76,5.39,mg/L,81488,81488,0.2,19,327,226,1640,49600,68,73,7,620,29188.69,21,332,52,67
30.9006,-100.9657,42413007540000,West Texas and Eastern New Mexico,Strawn Reef,Permian,430,Texas,42,Schleicher,413,Hulldale,48-338214,Blaylock #1,Conventional Hydrocarbon,6375,6415,6015,2346,1.053,1.053,60,0.134,76,6.51,mg/L,8577,8577,-0.3,15.83,234.075,403,248,4535,8.615,490,7,534,1726,570,64,56,71
32.7393,-102.1249,42115008470000,West Texas and Eastern New Mexico,Pennsylvanian Pennsylvani,Permian,430,Texas,42,Dawson,115,,,#1 F.m. Weaver,Conventional Hydrocarbon,9980,10019,12232,2752,1.159,1.159,60,0.0497,75,6.68,mg/L,259049,259049,0,15.83,234.075,52.16,2781,157803.65,8.615,426.51,6.95,1689.82,95676.61,293.23,318.73,56,70
31.5528,-102.8138,42475035320000,West Texas and Eastern New Mexico,Ellenburger,Permian,430,Texas,42,Ward,475,Janelle Southeast,48-354711,J Edwards Et Al #1,Conventional Hydrocarbon,9420,6412,9420,2636,1.152,1.152,60,0.047,76,6.02,mg/L,265904,265904,0,32.26,234.075,969.98,3686,157132.8,8.615,577.15,6.91,896.26,98020.27,4469.76,58.75,55,70
31.6906,-102.6183,42135015060000,West Texas and Eastern New Mexico,Clear Fork,Permian,430,Texas,42,Ector,135,Jordan,48-363967,W.e. Connell  B  Well,Conventional Hydrocarbon,5002,5019,7480,2857,1.101,1.101,60,0.063,76,6.46,mg/L,157727,157727,0,41.84,422.78,322.59,10041,95840.95,12.11,550.5,6.61,2782.23,46171.52,2024.74,90.28,53,67
30.4723,-100.4423,42435001300000,West Texas and Eastern New Mexico,Pennsylvanian,Permian,430,Texas,42,Sutton,435,Tw & Ng Survey,,#1 Byran Hunt,Conventional Hydrocarbon,6200,6412,6412,2322,1.078,1.078,60,0.0727,79,6.77,mg/L,114187,114187,0,22.64,131.52,394.55,4915,68801.19,4.31,1385,6.47,733.04,37217.87,681.3,77.62,53,67
31.6895,-102.6545,42135014970000,West Texas and Eastern New Mexico,Fusselman,Permian,430,Texas,42,Ector,135,Metz,48-470210,Connell 17d,Conventional Hydrocarbon,7749,7759,9157,2857,1.056,1.056,60,0.104,72,7.09,mg/L,92959,92959,0,15.83,234.075,296.74,4767,55228.8,8.615,582.91,6.34,1462.56,28338.82,2191.2,84.48,56,71
32.4668,-104.6041,30015103860000,West Texas and Eastern New Mexico,Cisco,Permian,430,New Mexico,30,Eddy,15,Indian Basin,35-345014,Bright-federal #1,Conventional Hydrocarbon,9087,9115,9300,2752,1.052,1.052,60,0.119,74,7.48,mg/L,79294,79294,0.4,41.03,189.36,340.85,2987,48076.4,55.76,43.13,6.31,459.72,27024.26,72.59,538.62,52,67
32.2115,-101.9379,42317002770000,West Texas and Eastern New Mexico,Lower Devonian,Permian,430,Texas,42,Martin,317,Spraberry Trend,48-670609,#1 Dickenson,Conventional Hydrocarbon,11690,11768,12073,2797,1.034,1.034,60,0.145,67,7.11,mg/L,50751,50751,0,8.27,46.53,718.63,1919,29513.46,1.03,163.37,6.2,331.91,17002.96,1140.5,88.92,53,67
32.5228,-100.4083,42151013760000,West Texas and Eastern New Mexico,Cambrian,Permian,430,Texas,42,Fisher,151,Sweetwater,48-692612,Sweetwater Canyon,Conventional Hydrocarbon,6880,7000,7000,2752,1.034,1.034,60,0.146,77,6.7,mg/L,43898,43898,0,5.17,234.075,655.56,1447,25205.82,8.615,240.92,6.2,451.86,14493.26,1240.8,36.19,54,69
33.389,-103.4706,30025018200000,West Texas and Eastern New Mexico,Devonian,Permian,430,New Mexico,30,Lea,25,Sandsprings,35-630424,State Lea,Conventional Hydrocarbon,13175,6412,13206,2752,1.033,1.033,60.08,0.0995,75,6.85,mg/L,40992,40992,0.5,15.83,234.075,428.7,1900,23532.77,8.615,260.32,6.2,326.43,13312.27,1475.12,32.02,56,72
32.4668,-104.6041,30015103860000,West Texas and Eastern New Mexico,Cisco,Permian,430,New Mexico,30,Eddy,15,Indian Basin,35-345014,,Conventional Hydrocarbon,9087,9115,9300,2752,1.052,1.052,60,0.119,74,7.48,mg/L,75385,75385,0.4,39,180,374,8840,45700,53,41,6,437,18807.3,69,512,52,67
31.3545,-103.1585,42389001230000,West Texas and Eastern New Mexico,Delaware,Permian,430,Texas,42,Reeves,389,Wildcat,48-768291,S.e. Ligon #1,Conventional Hydrocarbon,5050,5100,6386,2536,1.151,1.151,60,0.055,80,7.71,mg/L,259057,259057,0,39.13,583.56,210.63,14364,159162.58,23.02,1127,5.76,3356.32,80117.39,575.5,391.34,53,67
33.5902,-102.2851,42219004870000,West Texas and Eastern New Mexico,Wolfcamp,Permian,430,Texas,42,Hockley,219,,,#1 Bean,Conventional Hydrocarbon,8904,8990,10099,2752,1.138,1.138,60,0.05,80,6.9,mg/L,226254,226254,0,27.31,987.78,333.43,3823,137190.45,38.69,227.6,5.69,884.23,83365.87,588.35,66,53,67
33.248,-101.4566,42169019140000,West Texas and Eastern New Mexico,Unknown,Permian,430,Texas,42,Garza,169,Huntley Glorieta,48-340167,Barrie C. Jones #1,Conventional Hydrocarbon,3388,3425,4025,2947,1.097,1.097,60,0.0713,75,6.16,mg/L,139987,139987,0,24.13,269.86,267.67,15796,87516.47,3.29,603.35,5.49,5118.6,29325.11,1324.08,92.15,53,67
30.4715,-100.7647,42435001750000,West Texas and Eastern New Mexico,Ellenburger,Permian,430,Texas,42,Sutton,435,,,Sawyer #1,Conventional Hydrocarbon,9900,10118,10118,2136,1.083,1.083,60,0.0733,72,6.53,mg/L,127510,127510,0,30.32,97.47,330.32,5198,76991.55,4.33,1245,5.42,579.41,42497.4,591.32,82.31,53,67
30.548,-100.1696,42413006170000,West Texas and Eastern New Mexico,Canyon Upper,Permian,430,Texas,42,Schleicher,413,Tillery,48-708254,V.j. & J.d. Powell #2,Conventional Hydrocarbon,3512,3535,3610,2126,1.067,1.067,60,0.0909,75,6.6,mg/L,91476,91476,0.1,12.8,232.61,117.37,6828,56370.68,9.6,147.25,5.34,984.84,26856.95,81.09,213.4,52,66
31.403,-102.046,42169019150000,West Texas and Eastern New Mexico,Pnl,Permian,430,Texas,42,Schleicher,413,A-b-m,48-000832,W. C. Jones #1,Conventional Hydrocarbon,4712,4800,4800,2752,1.068,1.068,60.08,0.0732,73,6.23,mg/L,124629,124629,0,15.83,234.075,182.63,6322,75357.01,8.615,1516,5.34,1349.95,38709.66,1104.31,81.17,56,70
31.6873,-102.6088,42137001520000,West Texas and Eastern New Mexico,Ellenburger,Permian,430,Texas,42,Edwards,137,,,Miers #1,Conventional Hydrocarbon,6180,6255,4623,2855,1.06,1.06,60,0.1024,73,6.68,mg/L,83287,83287,0,13.78,272.42,148.4,5808,50739.02,5.3,905.24,5.3,1185.08,23850.32,639.18,93.28,53,67
33.2631,-103.1808,30025050280000,West Texas and Eastern New Mexico,Wolfcamp Penn,Permian,430,New Mexico,30,Lea,25,Gladiola,35-274634,#1 Selman,Conventional Hydrocarbon,9777,9825,9852,2752,1.049,1.049,60.08,0.1208,74,7.63,mg/L,68917,68917,0,15.83,234.075,447.92,2098,37566.79,8.615,209.8,5.25,408.06,23448.3,4701.62,31.47,56,70
31.9675,-102.4047,42135079470000,West Texas and Eastern New Mexico,Permian,Permian,430,Texas,42,Ector,135,Johnson,48-361797,Ruth Palmer #8,Conventional Hydrocarbon,4127,4319,4340,2964,1.038,1.038,60,0.148,83,7.9,mg/L,49789,49789,0.1,14.53,234.075,612.42,1992,26682.83,8.615,379.91,5.19,555.33,15800.43,3885.23,108.99,55,69
33.059,-103.1567,30025052150000,West Texas and Eastern New Mexico,Devonian,Permian,430,New Mexico,30,Lea,25,Denton,35-188580,T. D. Pope #7,Conventional Hydrocarbon,12216,12643,12640,2752,1.036,1.036,60,0.124,76,7.2,mg/L,84839,84839,0.1,10.36,234.075,379.18,3356,50556.8,1.04,806.01,5.18,628.85,27885.42,1094.02,183.37,54,69
32.5431,-102.1623,42115008450000,West Texas and Eastern New Mexico,Fusselman,Permian,430,Texas,42,Dawson,115,Wildcat,48-768291,Kent Co. Sch. Land #1,Conventional Hydrocarbon,12488,12500,12600,2752,1.02,1.02,60,0.159,75,7.22,mg/L,43509,43509,-0.1,5.1,234.075,818.04,1909,24602.4,8.615,516.12,5.1,446.76,13631.23,1548.36,25.5,55,70
31.7658,-102.9991,42495103100000,West Texas and Eastern New Mexico,Glorieta,Permian,430,Texas,42,Winkler,495,Kermit Se,48-376246,J.c. Hogg #1,Conventional Hydrocarbon,5120,5195,12460,2819,1.095,1.095,60,0.088,76,7.5,mg/L,141571,141571,0,15.83,234.075,605,7400,84750,8.615,790,5,2020,43386,2350,265,56,71
32.752,-103.4858,30025203780000,West Texas and Eastern New Mexico,Devonian,Permian,430,New Mexico,30,Lea,25,"Vacuum, North",35-731829,State Lea 403 #4,Conventional Hydrocarbon,11600,6412,11896,2752,1.027,1.027,60,0.152,76,7.37,mg/L,39874,39874,-0.1,6,234.075,545,1529,22440,8.615,208,5,258,13092.96,1529,26,55,70
31.5528,-102.8138,42475035320000,West Texas and Eastern New Mexico,Ellenburger,Permian,430,Texas,42,Ward,475,Janelle Southeast,48-354711,B.j. Edwards Et Al #1,Conventional Hydrocarbon,9370,6412,9420,2636,1.173,1.173,60,0.041,76,6.01,mg/L,315660,315660,0,15.83,234.075,736.64,3565,187093.5,8.615,585.33,4.69,1253.94,117223.76,5126.01,70.38,56,71
31.9018,-102.5538,42135040570000,West Texas and Eastern New Mexico,Canyon Sand,Permian,430,Texas,42,Ector,135,Donnelly,48-197169,J.l. Johnson Jr. B Eo #1,Conventional Hydrocarbon,8684,8950,12838,3083,1.117,1.117,60,0.061,75,7.12,mg/L,204641,204641,0,41.33,289.3,156.38,9304,124768.9,18.99,893.6,4.47,2278.68,65975.02,1105.83,307.18,53,68
33.0557,-100.4813,42433013130000,West Texas and Eastern New Mexico,Flippen,Permian,430,Texas,42,Stonewall,433,,,B.b. Smith #1,Conventional Hydrocarbon,4035,4060,6860,2037,1.068,1.068,60,0.081,83,7.27,mg/L,92336,92336,5.9,9.61,136.7,149.52,4058,54909.08,6.41,215.74,4.27,1090.43,29831.25,2136,8794,53,67
32.0468,-101.1655,42431004270000,West Texas and Eastern New Mexico,Wolfcamp Sterling,Permian,430,Texas,42,Sterling,431,Wildcat,48-768291,Nellie P. Sellers #1,Conventional Hydrocarbon,4968,4988,8975,2492,1.061,1.061,60,0.09,73,8.72,mg/L,85756,85756,0.1,15.83,234.075,27.59,3480,49846.84,8.615,274.8,4.24,979.3,27896.87,3140.56,8.49,56,71
31.2719,-102.664,42371042210000,West Texas and Eastern New Mexico,Clear Fork,Permian,430,Texas,42,Pecos,371,Abell,48-001652,Bessie Heierman #1,Conventional Hydrocarbon,3606,6412,5500,2752,1.032,1.032,60,1.032,60,6.35,mg/L,45084,45084,0,4.13,234.075,2039.23,1279,20674.06,8.615,284.83,4.13,250.78,14823.63,5814.29,30.96,55,69
32.5529,-102.7319,42165023530000,West Texas and Eastern New Mexico,Ellenburger,Permian,430,Texas,42,Gaines,165,Flanagan,48-243614,Wl Hawkins #1,Conventional Hydrocarbon,6307,6412,12306,2752,1.029,1.029,60,1.029,60,7.03,mg/L,34112,34112,0,4.12,234.075,1022.83,1695,17877.85,8.615,228.44,4.12,410.57,10343.15,2602.34,28.81,55,71
31.9158,-102.4117,42135079440000,West Texas and Eastern New Mexico,Grayburg,Permian,430,Texas,42,Ector,135,,,Ruth Palmer #5,Conventional Hydrocarbon,4140,4210,4240,2966,1.028,1.028,60,0.179,77,6.95,mg/L,38665,38665,0,5.14,234.075,1053.7,1891,20047.03,8.615,274.48,4.11,559.23,11527.53,3227.92,64.76,55,69
32.8176,-103.9476,30015043050000,West Texas and Eastern New Mexico,Abo Reef,Permian,430,New Mexico,30,Eddy,15,Jackson,35-353006,Dale H Parke B,Conventional Hydrocarbon,6940,6412,6940,2752,1.024,1.024,60,0.282,76,7.72,mg/L,34202,34202,0,7.17,234.075,1736.7,1328,15605.76,8.615,132.1,4.1,438.27,10464.83,4474.88,16.38,55,70
32.8983,-102.9647,42165033080000,West Texas and Eastern New Mexico,Clear Fork,Permian,430,Texas,42,Gaines,165,"Riley, North",48-601481,Meek Doss #2,Conventional Hydrocarbon,6880,6894,9483,2752,1.024,1.024,60,0.225,76,6.65,mg/L,32788,32788,0,6.14,234.075,1698.82,786.43,15612.93,8.615,324.61,4.1,497.66,10409.88,3550.21,29.7,55,69
32.9152,-103.6101,30025012560000,West Texas and Eastern New Mexico,Atoka,Permian,430,New Mexico,30,Lea,25,,,Seaman Unit #1,Conventional Hydrocarbon,12660,12689,14797,2752,1.026,1.026,60,0.234,75,6.34,mg/L,30377,30377,0.1,15.83,234.075,633.04,820.8,17825.72,8.615,17.44,4.1,160.06,10621.15,230.85,86.18,56,73
31.0903,-102.6948,42371042350000,West Texas and Eastern New Mexico,Queen,Permian,430,Texas,42,Pecos,371,,,State Nat. Bank Of E. Paso #1,Conventional Hydrocarbon,1566,1667,5500,2752,1.025,1.025,60,0.267,76,9.89,mg/L,27271,27271,0.6,5.13,234.075,354.14,1672,12793.03,8.615,121.98,4.1,209.1,8045.06,4240.43,28.7,55,69
32.5786,-103.6359,30025017350000,West Texas and Eastern New Mexico,Devonian,Permian,430,New Mexico,30,Lea,25,Teas,35-699527,Mahaffey #1,Conventional Hydrocarbon,14948,6412,14948,2752,1.022,1.022,60,0.309,74,7.03,mg/L,28696,28696,0,15.83,234.075,808.4,1044,15135.82,8.615,197.25,4.09,189.07,9327.79,1926.47,63.36,56,71
32.5431,-102.1623,42115008450000,West Texas and Eastern New Mexico,Devonian,Permian,430,Texas,42,Dawson,115,Wildcat,48-768291,Kent County School,Conventional Hydrocarbon,12240,12326,12600,2752,1.017,1.017,60,0.218,70,6.93,mg/L,36444,36444,-0.1,15.83,234.075,732.24,1334,20914.61,8.615,393.58,4.07,414.94,11682.9,915.3,38.65,56,71
32.6117,-103.3257,30025041280000,West Texas and Eastern New Mexico,Grayburg,Permian,430,New Mexico,30,Lea,25,Hobbs,35-325689,Shelby Maveety #1,Conventional Hydrocarbon,3880,6412,2310,2752,1.014,1.014,60,0.303,78,8.24,mg/L,17536,17536,0.3,6.08,234.075,933.89,287.98,9896.64,8.615,281.89,4.06,252.49,5806.41,1510.6,42.59,54,69
30.8406,-101.2824,42105102160000,West Texas and Eastern New Mexico,San Andres,Permian,430,Texas,42,Crockett,105,Wildcat,48-768291,Vaughan #1,Conventional Hydrocarbon,1500,1540,1540,2752,1.043,1.043,60,0.111,76,8.65,mg/L,57832,57832,0,3,234.075,388,1360,30190,2,128,4,680,19468.14,5560,18,53,68
32.8176,-103.9476,30015043050000,West Texas and Eastern New Mexico,Abo Reef,Permian,430,New Mexico,30,Eddy,15,Jackson,35-353006,Dale H Parke B,Conventional Hydrocarbon,6940,6412,6940,2752,1.024,1.024,60,0.282,76,7.72,mg/L,33401,33401,0,7,234.075,1696,1297,15240,8.615,129,4,428,10219.58,4370,16,55,70
32.6115,-103.3257,30025041290000,West Texas and Eastern New Mexico,Grayburg,Permian,430,New Mexico,30,Lea,25,Hobbs,35-325689,Shelby Moreety #1 - Ax,Conventional Hydrocarbon,3880,6412,3950,2752,1.014,1.014,60,0.303,78,8.24,mg/L,17294,17294,0.3,6,234.075,921,284,9760,8.615,278,4,249,5726.27,1510.6,42,54,69
32.5786,-103.6359,30025017350000,West Texas and Eastern New Mexico,Devonian,Permian,430,New Mexico,30,Lea,25,Teas,35-699527,Mahaffey #1,Conventional Hydrocarbon,14948,6412,14948,2752,1.022,1.022,60,0.309,74,7.03,mg/L,28079,28079,0,15.83,234.075,791,1022,14810,8.615,193,4,185,9127,1885,62,56,71
32.6834,-102.7932,42165033000000,West Texas and Eastern New Mexico,Devonian,Permian,430,Texas,42,Gaines,165,Robertson North 7,48-606140,Armstrong #1,Conventional Hydrocarbon,13630,6412,7220,3000,1.026,1.026,60,0.198,76,6.85,mg/L,35787,35787,0,3,234.075,89,1465,19500,8.615,234,4,432,10975.53,2000,33,55,70
31.7025,-102.2223,42329015850000,West Texas and Eastern New Mexico,San Andres,Permian,430,Texas,42,Midland,329,Sweetie Peck,48-692550,June Sanders 21a,Conventional Hydrocarbon,5680,5780,13330,2908,1.042,1.042,60,0.121,72,6.86,mg/L,68029,68029,0,15.83,234.075,273,2875,39231.3,8.615,238.62,3.13,784.63,21892.42,2698.78,31.26,56,71
32.0468,-101.1655,42431004270000,West Texas and Eastern New Mexico,Ellenburger,Permian,430,Texas,42,Sterling,431,Wildcat,48-768291,Nellie P. Sellers #1,Conventional Hydrocarbon,8875,8889,8975,2492,1.039,1.039,60,0.129,78,7.2,mg/L,51527,51527,0,15.83,234.075,683.66,2119,29287.33,8.615,264.95,3.12,429.11,16773.62,1953.32,12.47,56,71
32.7122,-102.8531,42165033070000,West Texas and Eastern New Mexico,Devonian,Permian,430,Texas,42,Gaines,165,Wildcat,48-768291,M. Lane Doss #1,Conventional Hydrocarbon,10876,10925,10925,2752,1.027,1.027,60,0.297,68,6.5,mg/L,30949,30949,0,4.11,234.075,1222.13,1840,16677.45,8.615,247.51,3.08,259.83,9241.92,1540.5,28.76,55,70
32.8714,-103.2938,30025053530000,West Texas and Eastern New Mexico,Abo,Permian,430,New Mexico,30,Lea,25,Lovington,35-430565,State 182 #3,Conventional Hydrocarbon,8380,6412,8404,2752,1.026,1.026,60.08,0.205,75,7.94,mg/L,33666,33666,0,5.13,234.075,963.41,1641,17571.28,8.615,260.6,3.08,378.59,10211.38,2565,47.2,55,69
32.752,-103.4858,30025203780000,West Texas and Eastern New Mexico,Devonian,Permian,430,New Mexico,30,Lea,25,"Vacuum, South",35-731891,State Lea 403 #4,Conventional Hydrocarbon,11896,6412,11896,2752,1.021,1.021,60,0.311,75,6.78,mg/L,26848,26848,0,15.83,234.075,671,1200,14520,8.615,164,3,223,8475,1540,52,56,71
31.7113,-102.5982,42495049730000,West Texas and Eastern New Mexico,Queen,Permian,430,Texas,42,Winkler,495,Halley,48-300375,Sealy-smith #12,Conventional Hydrocarbon,3170,3174,5000,2746,1.069,1.069,60,1.069,60,7.45,mg/L,125792,125792,0,65.21,234.075,2431.98,5644,74859.93,8.615,395.53,2.14,2130.52,39164.75,1031.59,174.25,55,70
31.9037,-102.5419,42135041200000,West Texas and Eastern New Mexico,San Andres,Permian,430,Texas,42,Ector,135,Donnelly,48-197169,J.l. Johnson Jr. Unit Eo #30,Conventional Hydrocarbon,4238,6412,4375,3063,1.07,1.07,60,0.084,75,7.26,mg/L,134864,134864,0,18.19,92.02,1613.56,2910,76505,8.615,1032,2.14,1040.04,46689.02,5029,21.4,54,69
31.903,-102.5531,42135041220000,West Texas and Eastern New Mexico,San Andres,Permian,430,Texas,42,Ector,135,Donnelly,48-197169,J.l. Johnson Jr. Unit Eo #23,Conventional Hydrocarbon,4356,6412,4361,3079,1.068,1.068,60,0.084,75,7.48,mg/L,114028,114028,0,17.09,91.85,1375.58,2819,64400.4,8.615,934.5,2.14,1089.36,38668,4699.2,32.04,54,69
33.1182,-100.7645,42263001490000,West Texas and Eastern New Mexico,Strawn Reef,Permian,430,Texas,42,Kent,263,Wildcat,48-768291,Ida S. Johnson #1,Conventional Hydrocarbon,6888,6951,6895,2260,1.033,1.033,60,0.148,75,6.9,mg/L,46708,46708,0,5.17,234.075,654.92,1404,25364.28,1.03,132.22,2.07,451.42,15589.18,3047.35,20.66,54,69
32.7122,-102.8531,42165033070000,West Texas and Eastern New Mexico,Wichita,Permian,430,Texas,42,Gaines,165,Wildcat,48-768291,M. Laine Boss #1,Conventional Hydrocarbon,7738,7750,10925,2752,1.023,1.023,60,0.316,71,8.02,mg/L,27190,27190,0.2,6.14,234.075,359.07,1096,13601.81,8.615,477.27,2.05,358.05,8548.32,3191.76,83.89,55,70
32.2928,-101.2696,42227031370000,West Texas and Eastern New Mexico,Santa Rosa,Permian,430,Texas,42,Howard,227,Itaw,,Emma F. Davis #4,Conventional Hydrocarbon,790,800,2685,2752,1.016,1.016,60,0.375,75,7.03,mg/L,18807,18807,0,2.03,234.075,155.45,534.42,7980.68,8.615,37.59,2.03,229.62,5982.84,3819.14,9.14,55,71
32.6108,-103.2969,30025057720000,West Texas and Eastern New Mexico,Blinebry Grayburg San And,Permian,430,New Mexico,30,Lea,25,Monument Blineby,,J. R. Phillips a #5,Conventional Hydrocarbon,5690,6412,5720,2752,1.032,1.032,60,0.183,76,7.3,mg/L,44776,44776,0,5,234.075,1231,1622,23550,8.615,289,2,539,14235.44,3280,25,55,70
31.9012,-102.5525,42103042620000,West Texas and Eastern New Mexico,Holt,Permian,430,Texas,42,Crane,103,Donnelly,48-197169,#43 J.l. Johnson,Conventional Hydrocarbon,5600,6412,5800,3081,1.085,1.085,60,0.074,76,7.28,mg/L,135318,135318,0,12,71,610,292,78000,8.615,670,2,875,50603.64,4600,70,54,69
31.90975,-102.6631,42169019150000,West Texas and Eastern New Mexico,Delaware,Permian,430,Texas,42,Ward,475,Wildcat,48-768291,Anna Herring #1,Conventional Hydrocarbon,6103,6145,6145,2752,1.175,1.175,60,5.32,75,5.32,mg/L,288678,288678,0,15.83,234.075,58.75,26508,178730.43,8.615,846,1.18,3654.25,78307.88,511.13,43.48,56,72
33.473,-101.5096,42107000890000,West Texas and Eastern New Mexico,Strawn,Permian,430,Texas,42,Crosby,107,,,Valvera Hampton #1,Conventional Hydrocarbon,8625,8725,9320,2752,1.095,1.095,60,0.073,76,7.57,mg/L,139993,139993,0,26.28,226.67,127.02,8059,85804.2,24.09,477.27,1.1,2234.9,42696.09,985.5,192.72,54,69
32.2755,-101.2466,42227033820000,West Texas and Eastern New Mexico,Chinle,Permian,430,Texas,42,Howard,227,Iatan East,48-343083,Percy Jones #6,Conventional Hydrocarbon,550,575,2825,2752,1.016,1.016,60,0.4,75,7.03,mg/L,17313,17313,0.3,1.02,234.075,99.57,539.5,7565.14,1.02,3.05,1.02,231.65,5486.12,3280.66,10.16,53,69
31.7025,-102.2223,42329015850000,West Texas and Eastern New Mexico,Ellenburger,Permian,430,Texas,42,Midland,329,War San,48-748690,June Sanders 21a,Conventional Hydrocarbon,13285,6412,13330,2908,1.013,1.013,60,0.365,75,7.2,mg/L,18945,18945,0,15.83,234.075,506.5,632.11,10028.7,8.615,174.24,1.01,79.01,6287.69,1215.6,20.26,56,71
32.6153,-103.2915,30025057700000,West Texas and Eastern New Mexico,Grayburg,Permian,430,New Mexico,30,Lea,25,Monument,35-483046,C. R. Phillips  A  #3,Conventional Hydrocarbon,3800,3900,3900,2752,1.011,1.011,60,0.548,76,7.15,mg/L,12564,12564,0,6,234.075,1525,264,6325,8.615,142,1,378,3684.8,240,4,55,70
32.61,-103.2554,30025058100000,West Texas and Eastern New Mexico,Grayburg - San Andres,Permian,430,New Mexico,30,Lea,25,Monument,35-483046,J. H. Williams #2,Conventional Hydrocarbon,3900,6412,3915,2752,1.012,1.012,60,0.527,75,5.35,mg/L,12503,12503,0,2,234.075,1109,352,6440,8.615,135,1,248,3821.37,388,11,55,70
32.556,-103.5536,30025213460000,West Texas and Eastern New Mexico,Yates,Permian,430,New Mexico,30,Lea,25,Lynch,35-435775,Fed. Ballard,Conventional Hydrocarbon,3638,3700,3750,2752,1.01,1.01,60,0.4802,75,7.92,mg/L,15685,15685,0,2,234.075,1003,953,5925,8.615,65,1,511,3769.15,3450,13,55,70